Dataset;Training Loss;Test Loss;Training Accuracy;Test Accuracy;Training F1;Test F1;Training Loss K = 100;Test Loss K = 100;Training Accuracy K = 100;Test Accuracy K = 100;Training F1 K = 100;Test F1 K = 100;Training Loss K = 1000;Test Loss K = 1000;Training Accuracy K = 1000;Test Accuracy K = 1000;Training F1 K = 1000;Test F1 K = 1000;Training Loss K = 10000;Test Loss K = 10000;Training Accuracy K = 10000;Test Accuracy K = 10000;Training F1 K = 10000;Test F1 K = 10000
Yoga;615;683;0.706081081081081;614;0.7027391527391527;0.6238050690050692;473;583;0.8027027027027027;0.7143333333333334;0.8089731289731292;0.7141234410034415;172;418;0.9777027027027027;0.8278;0.9782457782457782;0.8278;9;608;1.0;0.8544;1.0;0.8544
WormsTwoClass;499;734;0.7613636363636364;0.5277777777777778;0.5272893772893774;0.34636474636474635;499;0.57;0.8;0.7388888888888889;0.5502597402597403;0.4121897855231188;223;556;0.9545454545454546;0.7305555555555555;0.6103266430539157;0.7305555555555555;14;1.452;1.0;0.7333333333333334;0.6363636363636364;0.7333333333333334
Worms;871;1.796;0.6988636363636364;0.3472222222222222;0.42585396926306024;0.14378831045497714;846;899;0.7670454545454546;0.7333333333333334;0.47579159056431786;0.4971981105314438;205;821;0.9863636363636363;0.7388888888888889;0.9454545454545455;0.7388888888888889;3;2.688;1.0;0.7333333333333334;1.0;0.7333333333333334
WordSynonyms;1.064;2.28;0.7840909090909091;0.46044303797468356;0.6792520442520441;0.30175114618152593;655;1.563;0.8901515151515151;0.5981012658227848;0.8291420554753888;0.43606422490509283;22;1.36;1.0;0.6658227848101266;1.0;0.6658227848101266;0.0;7.755;1.0;0.6034810126582278;1.0;0.6034810126582278
Wine;504;478;0.7857142857142857;0.8958333333333334;0.3860805860805861;0.4761904761904762;421;537;0.8785714285714286;0.7791666666666667;0.42687598116169545;0.4604151404151404;66;528;1.0;0.7541666666666667;0.5714285714285714;0.7541666666666667;1;636;1.0;0.7583333333333333;0.5714285714285714;0.7583333333333333
Wafer;287;326;967;0.95;0.9803989787989786;0.9703500395708153;0.15;168;0.99;0.9814935064935065;0.994165407925408;0.9884983068879162;37;102;0.9982;0.9864935064935064;0.99904;0.9864935064935064;1;0.15;1.0;0.9896428571428572;1.0;0.9896428571428572
UWaveGestureLibraryZ;1.042;1.244;0.6372767857142857;0.5749440715883669;0.5121445274538389;0.4496930186215902;503;698;0.8354910714285714;0.7437360178970918;0.7632209264658241;0.6477250388958602;106;644;0.9848214285714285;0.7791946308724832;0.976673469387755;0.7791946308724832;1;2.272;1.0;0.7670581655480985;1.0;0.7670581655480985
UWaveGestureLibraryY;964;1.196;0.6975446428571429;0.5975950782997763;0.5820606575963719;0.4773620221143391;564;784;0.8171875;0.7238814317673378;0.7372498067408781;0.6137582269298465;122;763;0.9808035714285714;0.7573266219239373;0.9684920634920633;0.7573266219239373;14;3.002;0.9966517857142857;0.7414429530201342;0.9939421768707484;0.7414429530201342
UWaveGestureLibraryX;1.01;1.108;0.6595982142857143;0.6468120805369127;0.5345231515225136;0.5297302542692444;425;567;0.8642857142857143;0.8059843400447427;0.8020966553287978;0.7238685509003498;0.09;511;0.9850446428571429;0.8351230425055929;0.9736303854875283;0.8351230425055929;5;2.121;0.9991071428571429;0.8261744966442953;0.9976190476190475;0.8261744966442953
UWaveGestureLibraryAll;173;458;0.96875;0.8870246085011185;0.9448044217687074;0.8356124604950108;114;242;0.9796875;0.9339485458612976;0.9676989795918365;0.8987118597286382;3;145;1.0;0.9644295302013423;1.0;0.9644295302013423;0.0;1.0;1.0;0.9498881431767338;1.0;0.9498881431767338
UMD;0.37;645;0.90625;0.6944444444444444;0.7015873015873016;0.6432098765432098;303;618;0.99375;0.7513888888888889;0.9936507936507937;0.5779355623800069;5;372;1.0;0.8625;1.0;0.8625;0.0;1.182;1.0;825;1.0;825
TwoPatterns;421;519;894;0.81075;0.8547068783068777;0.7530809644059654;9;17;1.0;0.99865;1.0;0.9983257142857143;0.0;1;1.0;1.0;1.0;1.0;0.0;0.01;1.0;0.9983500000000001;1.0;0.9983500000000001
TwoLeadECG;494;631;0.8125;0.6329225352112676;0.7619047619047619;0.5624748490945671;303;631;0.9375;0.6447183098591549;0.9444444444444444;0.5222114896058555;22;671;1.0;0.6929577464788733;1.0;0.6929577464788733;0.0;3.033;1.0;0.7075704225352113;1.0;0.7075704225352113
Trace;311;514;875;0.71875;0.8481701940035272;0.6629960317460317;44;72;1.0;0.9854166666666666;1.0;0.9761111111111112;1;18;1.0;0.9916666666666667;1.0;0.9916666666666667;0.0;648;1.0;0.96875;1.0;0.96875
ToeSegmentation2;0.53;694;0.6875;0.5;0.7151515151515151;0.1378205128205128;0.25;423;0.96875;0.83125;0.9642857142857143;0.13807692307692307;9;324;1.0;0.871875;1.0;0.871875;0.0;1.041;1.0;0.8859375;1.0;0.8859375
ToeSegmentation1;431;683;925;0.5803571428571429;0.9314285714285715;0.374451738737453;316;377;975;0.9133928571428571;0.9714285714285715;0.44277341705913137;23;148;1.0;0.9598214285714286;1.0;0.9598214285714286;0.0;463;1.0;0.9428571428571428;1.0;0.9428571428571428
SyntheticControl;689;841;0.8783783783783784;0.7601351351351351;0.7320076320076317;0.5810581510581506;53;85;0.9993243243243243;0.9817567567567568;0.9971171171171171;0.9297110097110097;1;52;1.0;0.9851351351351352;1.0;0.9851351351351352;0.0;714;1.0;0.9736486486486486;1.0;0.9736486486486486
Symbols;215;573;0.9583333333333334;0.8145161290322581;0.9555555555555556;0.7350384897360704;212;448;1.0;0.9139112903225807;1.0;0.8776490868748933;1;228;1.0;0.9473790322580645;1.0;0.9473790322580645;0.0;1.006;1.0;0.9233870967741935;1.0;0.9233870967741935
SwedishLeaf;0.66;788;0.8588709677419355;0.8060897435897436;0.7880325140809012;0.6981969881969883;151;359;0.9899193548387096;0.9022435897435898;0.9822529441884281;0.8375938281295424;5;249;1.0;0.933974358974359;1.0;0.933974358974359;0.0;1.621;1.0;0.9096153846153846;1.0;0.9096153846153846
Strawberry;263;326;0.9161184210526315;875;0.6500132908027645;0.6063366585105715;195;253;0.9565789473684211;0.9130434782608696;0.6966494470441837;0.6549157846983935;0.04;0.12;0.9944078947368421;0.9576086956521739;0.7198496240601503;0.9576086956521739;1;174;1.0;0.9603260869565218;0.7236842105263158;0.9603260869565218
StarLightCurves;265;294;868;0.8550777453838678;0.7854679986679982;0.7707615549695235;89;115;976;0.9639455782312926;0.9558149761349762;0.9388953230838567;9;99;1.0;0.9720602526724976;1.0;0.9720602526724976;0.0;472;1.0;0.9702380952380952;1.0;0.9702380952380952
SonyAIBORobotSurface2;438;551;0.9583333333333334;0.8109243697478992;0.9629629629629629;0.8199893477204392;314;507;0.9916666666666667;0.8115546218487395;0.9925925925925926;0.8275920624660115;0.01;352;1.0;0.8422268907563025;1.0;0.8422268907563025;0.0;526;1.0;0.8308823529411765;1.0;0.8308823529411765
SonyAIBORobotSurface1;533;587;1.0;0.8133333333333334;1.0;0.7546685906685903;0.42;0.59;1.0;0.7496666666666666;1.0;0.6743744107744103;27;492;1.0;791;1.0;791;0.0;622;1.0;0.7503333333333333;1.0;0.7503333333333333
SmoothSubspace;674;709;0.9027777777777778;0.8263888888888888;0.7524401524401525;0.6209494209494211;158;338;0.9944444444444445;0.8958333333333334;0.9802116402116402;0.6426556159889494;5;203;1.0;925;1.0;925;0.0;1.089;1.0;0.8833333333333333;1.0;0.8833333333333333
SmallKitchenAppliances;175;1.085;0.9809782608695652;0.5271739130434783;0.9217391304347826;0.2798284646110734;616;653;0.7505434782608695;0.7396739130434783;0.5131665436013261;0.4891215467302421;319;625;0.903804347826087;0.754891304347826;0.7225115946855072;0.754891304347826;203;1.844;0.9467391304347826;0.7353260869565217;0.8220582316234489;0.7353260869565217
ShapesAll;1.228;2.083;0.7716666666666666;0.6133333333333333;0.5692724376152949;0.3913888920603208;555;1.028;955;0.8119999999999999;0.8661523513523515;0.6231248798115465;16;646;1.0;867;1.0;867;0.0;5.014;1.0;0.8316666666666667;1.0;0.8316666666666667
ShapeletSim;175;693;1.0;0.48295454545454547;0.5;0.3600899100899101;366;642;1.0;0.6647727272727273;0.5;0.4132909514727697;11;436;1.0;0.8795454545454545;0.5;0.8795454545454545;0.0;227;1.0;0.9295454545454546;0.5;0.9295454545454546
ShakeGestureWiimoteZ;706;1.246;0.8958333333333334;0.5625;0.7745149911816579;0.3595719095719095;613;1.16;0.9666666666666667;0.7833333333333333;0.9074074074074074;0.654510582010582;15;1.112;1.0;0.8541666666666666;1.0;0.8541666666666666;0.0;6.55;1.0;0.8458333333333333;1.0;0.8458333333333333
SemgHandSubjectCh2;186;0.59;0.9665178571428571;0.8147321428571429;0.8836734693877554;0.5064549537763819;533;722;0.8401785714285714;0.7258928571428571;0.5645244834530544;0.4169938956546098;47;473;1.0;0.8441964285714285;1.0;0.8441964285714285;0.0;2.384;1.0;0.840625;1.0;0.840625
SemgHandMovementCh2;392;1.248;0.9084821428571429;0.5111607142857143;0.7318012344798062;0.24125402375402377;982;1.319;0.6870535714285714;0.4558035714285714;0.3431365519401234;0.20668664503485928;147;1.175;0.9919642857142857;0.5401785714285714;0.9657142857142857;0.5401785714285714;1;3.894;1.0;0.5566964285714285;1.0;0.5566964285714285
SemgHandGenderCh2;179;367;0.9763513513513513;0.8566666666666667;0.5042471042471043;0.3306373626373627;337;442;0.8689189189189189;766;0.47832887832887844;0.3302075702075703;84;331;0.9979729729729729;0.8463333333333334;0.5131531531531531;0.8463333333333334;1;836;1.0;0.8533333333333334;0.5135135135135135;0.8533333333333334
ScreenType;593;1.151;0.7853260869565217;0.41847826086956524;0.4669349973697799;0.23978485282833112;858;1.087;0.6233695652173913;0.42934782608695654;0.3625383071035245;0.25867819780863266;443;1.362;0.8760869565217392;0.4407608695652174;0.624382573947791;0.4407608695652174;0.12;4.892;0.9652173913043478;0.4614130434782609;0.8546583850931677;0.4614130434782609
Rock;3;1.07;1.0;0.75;1.0;0.6055555555555556;479;786;1.0;0.6916666666666667;1.0;0.49507578840912175;8;702;1.0;0.7291666666666666;1.0;0.7291666666666666;0.0;2.545;1.0;725;1.0;725
RefrigerationDevices;367;1.138;0.9130434782608695;0.36684782608695654;0.7289271115358068;0.18111268763442684;551;917;0.7858695652173914;0.5739130434782609;0.5891787761352977;0.3755952903778991;127;1.18;0.9891304347826086;0.5945652173913043;0.9613024656502918;0.5945652173913043;2;6.507;1.0;0.5418478260869565;1.0;0.5418478260869565
ProximalPhalanxTW;477;652;815;0.8;0.6707914862914863;0.6767530728530727;0.28;0.7;0.9275;752;0.8537535738335739;0.5806493203093203;13;804;1.0;742;1.0;742;0.0;4.291;1.0;732;1.0;732
ProximalPhalanxOutlineCorrect;0.51;464;785;0.8541666666666666;0.8315405335405331;0.8678952220618888;328;386;879;0.8243055555555555;0.8989621045621038;0.8458527583527585;0.08;394;993;0.8534722222222222;0.9940354164354163;0.8534722222222222;1;1.092;1.0;0.8395833333333333;1.0;0.8395833333333333
ProximalPhalanxOutlineAgeGroup;423;471;865;855;0.7644445184445184;0.6849701409701409;268;503;0.9175;839;0.8409094091094093;0.6930785510785511;0.02;692;1.0;832;1.0;832;0.0;3.865;1.0;821;1.0;821
PowerCons;136;149;0.9715909090909091;0.9659090909090909;0.5783549783549784;0.5601731601731602;224;339;0.9329545454545455;0.8488636363636364;0.5645375836284927;0.5002052492961584;18;195;1.0;0.9340909090909091;0.5909090909090909;0.9340909090909091;0.0;363;1.0;0.9306818181818182;0.5909090909090909;0.9306818181818182
Plane;129;159;1.0;0.9807692307692307;1.0;0.9743589743589745;43;97;1.0;0.9942307692307693;1.0;0.991965811965812;0.0;15;1.0;0.9942307692307693;1.0;0.9942307692307693;0.0;237;1.0;0.9807692307692307;1.0;0.9807692307692307
PigCVP;58;3.833;1.0;0.10096153846153846;1.0;0.05227716727716729;1.084;2.234;1.0;0.676923076923077;1.0;0.41652293738008017;14;1.189;1.0;0.8173076923076923;1.0;0.8173076923076923;0.0;6.866;1.0;0.5201923076923077;1.0;0.5201923076923077
PigArtPressure;75;4.041;1.0;0.15384615384615385;1.0;0.07675824175824177;1.016;1.608;0.9903846153846154;0.7971153846153846;0.9808547008547008;0.6331550671550672;18;528;1.0;0.8586538461538462;1.0;0.8586538461538462;0.0;4.112;1.0;0.7067307692307693;1.0;0.7067307692307693
PigAirwayPressure;417;4.979;0.9807692307692307;0.10096153846153846;0.9692307692307692;0.0463064713064713;1.971;3.659;0.7692307692307693;0.11826923076923077;0.6228815628815629;0.05228144078144079;86;3.713;1.0;0.18076923076923077;1.0;0.18076923076923077;0.0;8.487;1.0;0.18846153846153846;1.0;0.18846153846153846
PickupGestureWiimoteZ;678;1.27;875;0.6458333333333334;0.7976190476190476;0.5018253968253968;628;1.02;0.9500000000000001;0.7416666666666667;0.898941798941799;0.5917482363315697;18;812;1.0;0.7583333333333333;1.0;0.7583333333333333;0.0;4.051;1.0;0.7916666666666666;1.0;0.7916666666666666
Phoneme;79;3.705;1.0;0.08386075949367089;1.0;0.02519050828951371;1.532;2.857;0.7855769230769231;0.265084388185654;0.5407304472084692;0.10378266652754291;59;2.855;1.0;0.2990506329113924;1.0;0.2990506329113924;0.0;14.738;1.0;0.255168776371308;1.0;0.255168776371308
PhalangesOutlinesCorrect;574;603;0.7311111111111112;0.6764018691588785;0.7968357815024487;0.7592940807894083;398;517;0.8312222222222222;0.758177570093458;0.8489113701113709;0.7868976817574946;145;519;964;0.7918224299065421;0.9631012099012105;0.7918224299065421;7;1.292;999;0.7897196261682243;0.9947213675213675;0.7897196261682243
PLAID;462;2.188;0.9626865671641791;0.2891791044776119;0.8708217155978352;0.23596760343029002;1.469;1.859;0.5432835820895522;0.41492537313432837;0.34551319631170363;0.23681588604083276;241;1.896;1.0;0.492910447761194;1.0;0.492910447761194;1;9.753;1.0;0.5048507462686568;1.0;0.5048507462686568
OliveOil;54;303;1.0;0.9166666666666666;1.0;0.7037037037037036;441;728;0.9916666666666667;0.8250000000000001;0.9915343915343915;0.6839031339031338;6;331;1.0;0.8916666666666666;1.0;0.8916666666666666;0.0;2.198;1.0;0.8083333333333333;1.0;0.8083333333333333
OSULeaf;981;1.598;0.68;425;0.5793777777777777;0.3311516754850088;314;583;955;805;0.9255853968253968;0.7315412698412699;12;375;1.0;865;1.0;865;0.0;1.297;1.0;0.8383333333333334;1.0;0.8383333333333334
NonInvasiveFetalECGThorax2;42;353;0.9972222222222222;0.9306122448979591;0.9949382716049382;0.8869184556939649;151;0.39;0.9832222222222222;0.8913265306122449;0.9706348030570251;0.8270857653306624;2;0.33;1.0;0.9212244897959184;1.0;0.9212244897959184;0.0;2.998;1.0;0.8991836734693878;1.0;0.8991836734693878
NonInvasiveFetalECGThorax1;61;345;0.9983333333333333;0.9086734693877551;0.9970546737213403;0.8491480401684475;193;514;0.9773333333333334;0.856326530612245;0.9620303778525997;0.7732961909594555;3;431;1.0;0.8945918367346939;1.0;0.8945918367346939;0.0;3.478;1.0;0.8721428571428571;1.0;0.8721428571428571
MoteStrain;432;489;875;0.8621794871794872;875;0.8175856550856547;333;547;1.0;0.7389423076923077;1.0;0.6568088748857976;13;516;1.0;0.7674679487179488;1.0;0.7674679487179488;0.0;1.127;1.0;0.7689102564102565;1.0;0.7689102564102565
MixedShapesSmallTrain;213;728;0.96875;0.7924917491749175;0.8666666666666667;0.5160644452723676;0.31;582;0.9729166666666667;0.8159240924092409;0.8844444444444445;0.5981357879377674;12;503;1.0;0.8531353135313532;1.0;0.8531353135313532;0.0;2.62;1.0;0.8332508250825083;1.0;0.8332508250825083
MixedShapesRegularTrain;317;636;0.9092741935483871;0.8374587458745875;0.7411989444247508;0.585751743672536;153;269;0.9701612903225806;0.920957095709571;0.8909551380519122;0.7672896773193792;5;216;1.0;0.9504125412541254;1.0;0.9504125412541254;0.0;1.925;1.0;0.9415841584158415;1.0;0.9415841584158415
MiddlePhalanxTW;834;1.068;0.6836734693877551;0.618421052631579;0.4787545995199055;0.45221576668945085;508;1.141;0.8408163265306122;0.5578947368421052;0.7208692497978212;0.4161031746031746;28;1.245;1.0;525;1.0;525;0.0;6.496;1.0;0.5052631578947369;1.0;0.5052631578947369
MiddlePhalanxOutlineCorrect;532;665;0.7766666666666666;0.6111111111111112;0.8139866799866795;0.6774694441361109;364;497;858;0.7715277777777778;0.8711735671735666;0.7731581073247741;84;537;997;0.7986111111111112;0.9963097643097643;0.7986111111111112;1;1.382;1.0;0.795138888888889;1.0;0.795138888888889
MiddlePhalanxOutlineAgeGroup;485;0.97;0.8125;0.6052631578947368;0.7236328856328857;0.3832433648223122;336;993;0.8955;0.6184210526315789;0.8186556850556852;0.3909925162556741;0.03;1.567;1.0;0.5657894736842105;1.0;0.5657894736842105;0.0;9.577;1.0;0.593421052631579;1.0;0.593421052631579
MelbournePedestrian;1.043;1.061;0.6526845637583892;0.6644736842105263;0.5290041551786521;0.5395879169563388;137;269;0.9741610738255033;0.9193256578947369;0.9045047569879787;0.7388394010351245;3;283;1.0;0.9384868421052632;1.0;0.9384868421052632;0.0;2.55;1.0;0.9334703947368421;1.0;0.9334703947368421
MedicalImages;1.375;1.64;0.5957446808510638;0.4986842105263158;0.46857562453307156;0.3570340161092041;869;1.17;0.7914893617021276;0.6486842105263158;0.7188716645844305;0.5069408798386243;173;881;0.9829787234042553;0.7328947368421053;0.975419647334541;0.7328947368421053;4;2.544;1.0;0.7168421052631578;1.0;0.7168421052631578
Meat;45;123;1.0;1.0;1.0;1.0;158;655;0.9964285714285714;0.7857142857142857;0.9847619047619047;0.5665306122448979;4;907;1.0;0.8285714285714285;1.0;0.8285714285714285;0.0;4.035;1.0;0.8321428571428571;1.0;0.8321428571428571
Mallat;24;573;1.0;0.7674914675767918;1.0;0.6770978539311059;358;1.041;0.9958333333333333;0.7606655290102389;0.9962962962962963;0.6693925285217335;4;801;1.0;0.8360068259385666;1.0;0.8360068259385666;0.0;4.367;1.0;0.7324232081911263;1.0;0.7324232081911263
Lightning7;431;925;0.921875;0.6805555555555556;0.8872619047619047;0.5775661375661376;445;1.066;0.95;0.65;0.92875;0.5706878306878307;19;968;1.0;0.7888888888888889;1.0;0.7888888888888889;0.0;5.104;1.0;0.7555555555555555;1.0;0.7555555555555555
Lightning2;304;623;0.8928571428571429;0.6964285714285714;0.9140573712002282;0.6854003139717426;464;709;0.8071428571428572;0.6428571428571429;0.8355802927231498;0.6790558647701505;134;631;1.0;0.7535714285714286;1.0;0.7535714285714286;5;865;1.0;0.7785714285714286;1.0;0.7785714285714286
LargeKitchenAppliances;388;1.13;0.8804347826086957;0.483695652173913;0.644769723030592;0.23217080825776487;453;608;0.8407608695652175;0.782608695652174;0.6286922417357197;0.5284795397838873;128;618;0.9804347826086957;0.8114130434782608;0.9349670619235837;0.8114130434782608;8;3.52;0.9994565217391305;0.8016304347826086;0.9976811594202899;0.8016304347826086
ItalyPowerDemand;437;0.47;0.953125;0.921875;0.9503968253968255;0.8945338949245198;106;237;0.98125;0.9203125;0.9771428571428572;0.9048178730991229;7;194;1.0;0.931640625;1.0;0.931640625;0.0;589;1.0;0.919140625;1.0;0.919140625
InsectWingbeatSound;577;1.007;0.7962962962962963;0.638663967611336;0.7112272192827748;0.5213299426833261;651;1.026;0.8175925925925925;0.6121457489878542;0.7416650989613952;0.49034332626437854;69;1.04;1.0;0.6284412955465587;1.0;0.6284412955465587;0.0;5.347;1.0;0.5981781376518218;1.0;0.5981781376518218
InsectEPGSmallTrain;205;258;875;0.8346774193548387;0.7142857142857143;0.8215053763440859;448;733;1.0;0.7330645161290322;1.0;0.452376297537588;14;615;1.0;0.8290322580645162;1.0;0.8290322580645162;0.0;1.154;1.0;0.817741935483871;1.0;0.817741935483871
InsectEPGRegularTrain;128;262;0.9285714285714286;0.8346774193548387;0.9047619047619048;0.8215053763440859;282;332;1.0;0.960483870967742;1.0;0.8851628658080269;16;109;1.0;0.9653225806451613;1.0;0.9653225806451613;0.0;313;1.0;0.9548387096774194;1.0;0.9548387096774194
InlineSkate;1.044;2.443;0.6875;0.27205882352941174;0.6089682539682539;0.20347222222222222;1.018;1.81;0.7333333333333334;0.2933823529411765;0.6645343915343914;0.2356403531109413;124;1.914;1.0;0.34963235294117645;1.0;0.34963235294117645;1;7.886;1.0;0.37720588235294117;1.0;0.37720588235294117
HouseTwenty;27;542;1.0;0.7589285714285714;0.6;0.35885661957090526;221;544;0.95;825;0.5805714285714285;0.32201607915893626;0.01;614;1.0;0.8625;0.6;0.8625;0.0;1.034;1.0;0.8910714285714286;0.6;0.8910714285714286
Herring;475;609;0.78125;0.65625;0.7485119047619047;0.6107142857142857;507;0.69;0.80625;0.596875;0.7683080808080809;0.5143650793650794;126;681;1.0;0.65;1.0;0.65;3;1.687;1.0;0.609375;1.0;0.609375
Haptics;737;1.424;0.7763157894736842;0.4605263157894737;0.7224310776942356;0.38278508771929826;703;1.337;0.8197368421052631;0.4888157894736842;0.7626783625730994;0.4031671539961013;51;1.423;1.0;0.48223684210526313;1.0;0.48223684210526313;0.0;5.385;1.0;0.45460526315789473;1.0;0.45460526315789473
HandOutlines;256;305;898;0.8940217391304348;0.9114508158508154;0.9118872673220494;256;0.33;0.9148000000000001;0.8869565217391304;0.9205776356976352;0.9073226531922182;74;287;986;0.8983695652173913;0.9878336330336329;0.8983695652173913;2;579;1.0;0.8940217391304348;1.0;0.8940217391304348
Ham;214;498;0.9711538461538461;0.7692307692307693;0.5282051282051282;0.4882450882450882;424;667;0.8884615384615385;0.6403846153846154;0.48934347703578474;0.44738236122851505;53;688;1.0;0.6519230769230769;0.5384615384615384;0.6519230769230769;1;1.616;1.0;0.6673076923076923;0.5384615384615384;0.6673076923076923
GunPointOldVersusYoung;71;77;0.9926470588235294;0.9839743589743589;0.5254901960784314;0.5299145299145299;174;186;0.9705882352941176;0.9608974358974359;0.5129799612152554;0.515115995115995;11;33;1.0;0.9923076923076923;0.5294117647058824;0.9923076923076923;0.0;0.03;1.0;0.9910256410256411;0.5294117647058824;0.9910256410256411
GunPointMaleVersusFemale;426;446;0.765625;0.7596153846153846;0.45535714285714285;0.47264957264957264;94;109;0.99375;0.9897435897435898;0.5;0.48547008547008547;4;13;1.0;0.9974358974358974;0.5;0.9974358974358974;0.0;2;1.0;1.0;0.5;1.0
GunPointAgeSpan;393;415;0.90625;0.8878205128205128;0.4538919413919414;0.44891518737672587;239;266;0.9390625;0.9198717948717949;0.49083333333333334;0.4722607307222692;39;87;1.0;0.9826923076923076;0.5;0.9826923076923076;1;72;1.0;0.985897435897436;0.5;0.985897435897436
GunPoint;389;504;875;0.7430555555555556;0.8679653679653679;0.6726384726384725;258;399;0.9708333333333333;0.8361111111111111;0.9734432234432234;0.83154481321148;18;115;1.0;0.9638888888888889;1.0;0.9638888888888889;0.0;222;1.0;0.9652777777777778;1.0;0.9652777777777778
GesturePebbleZ2;368;785;0.9513888888888888;0.6578947368421053;0.919388327721661;0.5465972623867362;316;647;0.9625;0.7842105263157895;0.9410040987818765;0.6756760490971018;13;547;1.0;0.8118421052631579;1.0;0.8118421052631579;0.0;1.993;1.0;0.8184210526315789;1.0;0.8184210526315789
GesturePebbleZ1;243;946;0.9921875;0.7916666666666666;0.9791666666666666;0.7098488812774527;294;702;0.9765625;0.8238095238095238;0.955961867993118;0.7436070701784987;13;0.5;1.0;0.8642857142857143;1.0;0.8642857142857143;0.0;3.276;1.0;0.7761904761904762;1.0;0.7761904761904762
GestureMidAirD3;1.98;2.604;0.47596153846153844;0.3046875;0.35589341214341214;0.21552605380730383;1.165;1.945;0.7576923076923077;0.3359375;0.6499667924667925;0.23404946904946902;142;1.799;1.0;0.409375;1.0;0.409375;1;8.052;1.0;0.39375;1.0;0.39375
GestureMidAirD2;1.048;1.381;0.6875;0.5390625;0.5682212552404861;0.41514399951899944;0.65;1.183;0.8682692307692308;0.6046875;0.8011100936100937;0.477151476995227;85;1.226;0.9980769230769231;0.621875;0.9961538461538462;0.621875;3;7.017;1.0;0.5796875;1.0;0.5796875
GestureMidAirD1;1.131;1.818;0.6875;0.5390625;0.57125074000074;0.4002901034151034;555;1.107;0.8807692307692307;0.7125;0.8126739926739928;0.5746063311688311;49;1.073;1.0;0.7296875;1.0;0.7296875;0.0;6.641;1.0;0.69375;1.0;0.69375
Fungi;1.229;1.708;1.0;0.7228260869565217;1.0;0.561175780740998;944;1.788;1.0;0.6358695652173912;1.0;0.45212500140761014;2;1.184;1.0;0.6717391304347826;1.0;0.6717391304347826;0.0;2.188;1.0;0.6163043478260869;1.0;0.6163043478260869
FreezerSmallTrain;317;485;875;0.7742275280898876;0.5333333333333333;0.41633101605011785;0.2;442;0.9500000000000001;0.8166432584269663;0.591111111111111;0.4539898491022092;0.01;476;1.0;0.8666432584269663;0.6666666666666666;0.8666432584269663;0.0;2.098;1.0;0.8294943820224719;0.6666666666666666;0.8294943820224719
FreezerRegularTrain;242;322;0.9236111111111112;0.8760533707865169;0.48888888888888893;0.4596946125036019;139;185;0.9569444444444445;0.9330056179775281;0.48137566137566146;0.4702047764969118;12;69;1.0;0.9785814606741573;0.5;0.9785814606741573;0.0;0.13;1.0;0.9797752808988764;0.5;0.9797752808988764
FordB;678;708;0.5641519823788547;0.5086633663366337;0.5003982923586454;0.4649446263307648;161;492;0.9392070484581498;0.777970297029703;0.9223322761428503;0.755495703416495;18;516;0.9993942731277533;0.8027227722772278;0.9947994736540992;0.8027227722772278;0.0;1.907;1.0;0.8044554455445545;0.9955947136563876;0.8044554455445545
FordA;678;711;0.5577777777777778;0.49166666666666664;0.49173456173456176;0.423958633958634;172;202;0.9307222222222222;0.92;0.9180059249392595;0.9094560120014664;27;0.17;0.9982222222222222;0.9357575757575758;0.9980182780182781;0.9357575757575758;0.0;462;1.0;0.938030303030303;1.0;0.938030303030303
Fish;321;696;0.9107142857142857;0.8035714285714286;0.8668253968253968;0.7289417989417989;442;797;0.9178571428571428;0.7261904761904762;0.8852448979591836;0.647631141345427;19;441;1.0;0.8476190476190476;1.0;0.8476190476190476;0.0;1.703;1.0;0.8511904761904762;1.0;0.8511904761904762
FiftyWords;0.87;1.88;0.8214285714285714;0.609375;0.7376697459286745;0.46169243785315217;352;1.027;0.96875;0.7566964285714286;0.9507086167800454;0.6220953725979238;9;846;1.0;0.7955357142857142;1.0;0.7955357142857142;0.0;6.715;1.0;0.7410714285714286;1.0;0.7410714285714286
FacesUCR;678;1.303;925;0.677734375;0.8966603174603175;0.5537532599056035;207;751;999;0.83173828125;0.9984;0.7457647468788646;4;426;1.0;0.89375;1.0;0.89375;0.0;2.113;1.0;0.8337890625;1.0;0.8337890625
FaceFour;79;421;1.0;0.8863636363636364;1.0;0.8153138528138529;396;707;1.0;0.8909090909090909;1.0;0.8403126503126503;3;353;1.0;0.9613636363636364;1.0;0.9613636363636364;0.0;2.053;1.0;0.7977272727272727;1.0;0.7977272727272727
FaceAll;734;1.33;0.8714285714285714;0.6433649289099526;0.6507159507159509;0.4222747482463127;204;849;0.9853571428571428;0.7733412322274882;0.9399455782312925;0.6255703038404467;4;0.73;1.0;0.7947867298578198;1.0;0.7947867298578198;0.0;6.188;1.0;0.7777251184834123;1.0;0.7777251184834123
EthanolLevel;643;1.08;0.7698412698412699;0.5705645161290323;0.6590713519284948;0.40290480875158285;917;1.335;0.6690476190476191;0.3887096774193548;0.4936845591210671;0.24931697036535744;353;1.457;925;0.47016129032258064;0.824311670105321;0.47016129032258064;13;4.131;1.0;0.480241935483871;1.0;0.480241935483871
ElectricDevices;1.359;1.655;0.5486547085201794;0.4745586708203531;0.3599722331432753;0.3035645600313297;445;1.412;0.8446860986547085;0.6476895119418484;0.6675233937462656;0.4638460637474116;374;3.332;0.8925336322869954;0.6520508826583593;0.7401197850646308;0.6520508826583593;2.25;27.473;0.8992152466367713;0.6535565939771547;0.7536065273374714;0.6535565939771547
Earthquakes;329;671;0.971875;0.5955882352941176;0.7370833333333333;0.32338935574229694;522;586;0.83875;0.7088235294117647;0.48195238095238097;0.46965962142432727;342;0.56;0.964375;0.711764705882353;0.7340634920634921;0.711764705882353;0.12;702;0.99125;625;0.7649523809523809;625
EOGVerticalSignal;1.034;2.349;0.7138888888888889;0.3055555555555556;0.4937018372573928;0.21196278236754418;748;1.698;0.8350000000000001;0.4261111111111111;0.6513541960097514;0.26395274643052424;0.07;2.0;0.9988888888888889;0.46444444444444444;0.9988712522045855;0.46444444444444444;0.0;10.384;1.0;0.4588888888888889;1.0;0.4588888888888889
EOGHorizontalSignal;718;1.922;0.8138888888888889;0.36666666666666664;0.6025765797988021;0.19437468087468088;734;1.593;0.8366666666666667;0.46055555555555555;0.6302392397725732;0.26255850903946143;0.07;1.645;1.0;0.5061111111111111;1.0;0.5061111111111111;0.0;10.051;1.0;0.48;1.0;0.48
ECGFiveDays;433;499;875;0.8598130841121495;0.873015873015873;0.83955634189279;368;511;0.9375;0.7901869158878504;0.9317460317460318;0.7772622496921558;21;375;1.0;0.8964953271028038;1.0;0.8964953271028038;0.0;1.256;1.0;0.8953271028037383;1.0;0.8953271028037383
ECG5000;174;265;0.9596774193548387;0.9323843416370107;0.9403489580908937;0.8482029421086336;139;239;0.9705645161290323;0.9361209964412811;0.9470727122340026;0.842466792302199;0.01;0.26;0.9995967741935484;0.9433718861209964;0.9982795698924731;0.9433718861209964;0.0;1.737;1.0;0.941770462633452;1.0;0.941770462633452
ECG200;393;478;0.8645833333333334;0.7916666666666666;0.881435693935694;0.7892496392496393;335;0.47;875;0.8270833333333333;0.8911986161986163;0.8363059163059163;74;424;1.0;0.8479166666666667;1.0;0.8479166666666667;2;0.73;1.0;0.8562500000000001;1.0;0.8562500000000001
DodgerLoopWeekend;119;214;1.0;0.9779411764705882;0.5;0.29411764705882354;284;436;1.0;0.9220588235294118;0.5;0.25162680456798103;5;315;1.0;0.9514705882352942;0.5;0.9514705882352942;0.0;795;1.0;0.9382352941176471;0.5;0.9382352941176471
DodgerLoopGame;0.29;594;0.9375;0.7426470588235294;0.5;0.4043525102348631;371;603;0.9875;0.7720588235294118;0.5;0.3942512389571213;14;592;1.0;0.8073529411764706;0.5;0.8073529411764706;0.0;1.318;1.0;0.8073529411764706;0.5;0.8073529411764706
DodgerLoopDay;457;1.154;1.0;0.5625;1.0;0.33100699300699304;726;1.435;0.9583333333333334;425;0.8836008436008436;0.26224551744551744;24;1.309;1.0;0.53;1.0;0.53;0.0;5.287;1.0;0.42;1.0;0.42
DistalPhalanxTW;531;972;0.8025;0.6470588235294118;0.6232955266955268;0.4344174235350706;258;913;0.9415;0.6441176470588236;0.8718753487253489;0.46169600769600766;0.01;1.101;1.0;0.6147058823529412;1.0;0.6147058823529412;0.0;6.108;1.0;0.6485294117647058;1.0;0.6485294117647058
DistalPhalanxOutlineCorrect;524;639;765;0.6727941176470589;0.7729170829170823;0.7340514061102297;314;498;877;0.7602941176470588;0.8658083102083098;0.7788935900700609;77;577;0.9926666666666667;0.7772058823529412;0.9820403004403003;0.7772058823529412;1;1.597;1.0;0.7823529411764706;0.9866666666666667;0.7823529411764706
DistalPhalanxOutlineAgeGroup;527;865;0.8475;0.7058823529411765;0.7328880008880009;0.5340972752737458;349;811;0.9085;0.7308823529411764;0.8171785325785326;0.5417389582095465;38;1.131;1.0;0.7044117647058824;1.0;0.7044117647058824;0.0;6.705;1.0;0.7205882352941176;1.0;0.7205882352941176
DiatomSizeReduction;88;229;1.0;0.9802631578947368;1.0;0.973377889167363;257;484;1.0;0.9111842105263158;1.0;0.8756896660844029;1;199;1.0;0.9401315789473684;1.0;0.9401315789473684;0.0;253;1.0;0.9526315789473684;1.0;0.9526315789473684
Crop;1.275;1.304;0.6215277777777778;0.6154166666666666;0.3618083981861756;0.3676736099878955;868;1.092;0.7231111111111111;0.6546666666666666;0.4827471704016131;0.38456633793769823;392;1.514;0.8769444444444444;0.6954166666666667;0.7050166855572391;0.6954166666666667;1.314;10.617;0.9179999999999999;0.7032261904761905;0.776419746919745;0.7032261904761905
CricketZ;1.24;1.983;0.6302083333333334;0.3359375;0.49469273589065255;0.23794367283950613;696;992;0.8453125;0.7109375;0.7672847222222224;0.5927160178886369;54;629;1.0;0.7937500000000001;1.0;0.7937500000000001;0.0;2.13;1.0;0.7739583333333333;1.0;0.7739583333333333
CricketY;1.18;1.778;0.671875;0.4088541666666667;0.5622507315215649;0.30013148778029725;609;977;0.8765625;0.6791666666666667;0.8082220726253465;0.5620539572310405;0.04;0.58;1.0;0.7984375;1.0;0.7984375;0.0;2.07;1.0;0.7807291666666666;1.0;0.7807291666666666
CricketX;1.197;2.059;0.6223958333333334;0.3307291666666667;0.5038318452380955;0.22557653848576475;615;1.039;0.8671875;0.6979166666666666;0.8099229497354498;0.5937526204505371;0.04;825;1.0;0.7619791666666667;1.0;0.7619791666666667;0.0;4.0;1.0;0.746875;1.0;0.746875
Computers;434;694;0.8185483870967742;0.5120967741935484;0.4672102091456931;0.37008958783152335;451;575;0.7991935483870968;0.7153225806451613;0.42739078126174895;0.41462208042853205;223;547;0.9306451612903225;0.7443548387096774;0.4866146756469338;0.7443548387096774;33;1.25;0.9967741935483871;0.7467741935483871;0.5124423963133641;0.7467741935483871
Coffee;124;0.16;1.0;1.0;0.6666666666666666;0.6666666666666666;0.4;563;0.9833333333333334;0.8083333333333333;0.6222222222222221;0.519047619047619;0.02;281;1.0;0.9083333333333333;0.6666666666666666;0.9083333333333333;0.0;265;1.0;875;0.6666666666666666;875
CinCECGTorso;288;1.464;0.95;0.47093023255813954;0.9621164021164021;0.40525758694363356;0.47;837;0.9;0.7008720930232558;0.9007407407407407;0.6297635547054148;21;894;1.0;0.7524709302325581;1.0;0.7524709302325581;0.0;3.691;1.0;0.6975290697674419;1.0;0.6975290697674419
ChlorineConcentration;833;904;0.6336206896551724;0.5770833333333333;0.4557284031421961;0.40171288973372293;636;879;0.7862068965517242;0.6019791666666666;0.6843102874137357;0.48008557337724006;89;654;1.0;0.75296875;1.0;0.75296875;0.0;1.418;1.0;0.7641145833333333;1.0;0.7641145833333333
Chinatown;586;595;0.9375;0.9613095238095238;0.45454545454545453;0.7217687074829933;313;379;0.95;0.9446428571428571;0.5;0.7152171637885925;8;118;1.0;0.9678571428571429;0.5;0.9678571428571429;0.0;174;1.0;0.9630952380952381;0.5;0.9630952380952381
Car;271;837;0.9642857142857143;0.8035714285714286;0.9702380952380951;0.671866625438054;527;844;0.9142857142857143;0.6785714285714286;0.8834467120181406;0.572881364667079;31;595;1.0;825;1.0;825;0.0;2.442;1.0;0.7785714285714286;1.0;0.7785714285714286
CBF;398;549;0.9583333333333334;0.8270089285714286;0.9619047619047619;0.8004732701161272;301;436;1.0;925;1.0;0.9048654487047344;3;89;1.0;0.9752232142857142;1.0;0.9752232142857142;0.0;0.14;1.0;0.9698660714285714;1.0;0.9698660714285714
BirdChicken;265;0.64;0.9375;0.6875;0.5;0.3636363636363636;0.32;502;0.95;0.6375;0.5;0.41090909090909095;13;159;1.0;975;0.5;975;0.0;418;1.0;0.8125;0.5;0.8125
BeetleFly;265;418;0.9375;875;0.5;0.4166666666666667;346;479;0.9375;925;0.45454545454545453;0.4309090909090909;16;0.31;1.0;0.9375;0.5;0.9375;0.0;211;1.0;0.8875;0.5;0.8875
Beef;539;0.78;0.9166666666666666;0.7916666666666666;0.8364598364598365;0.6013888888888889;699;1.065;0.9083333333333333;0.6583333333333333;0.8090989257655924;0.4426851851851852;41;918;1.0;0.8250000000000001;1.0;0.8250000000000001;0.0;4.69;1.0;0.8333333333333334;1.0;0.8333333333333334
BME;364;769;875;0.6597222222222222;0.7115181115181115;0.551569418236085;204;525;1.0;0.8250000000000001;1.0;0.6544392233281123;1;399;1.0;0.8694444444444445;1.0;0.8694444444444445;0.0;1.263;1.0;0.8708333333333333;1.0;0.8708333333333333
ArrowHead;333;828;0.90625;0.6547619047619048;0.9158730158730158;0.3478410478410479;226;995;0.96875;0.5988095238095238;0.9603174603174603;0.31949475568523195;5;1.051;1.0;0.6630952380952382;1.0;0.6630952380952382;0.0;4.82;1.0;0.6619047619047619;1.0;0.6619047619047619
AllGestureWiimoteZ;632;3.647;0.9763513513513513;0.21839080459770116;0.9036855036855037;0.08045252533758283;931;1.386;0.8324324324324325;0.5232758620689655;0.57367595017595;0.2440470795700681;0.07;1.198;1.0;0.6206896551724138;1.0;0.6206896551724138;0.0;5.43;1.0;0.6022988505747127;1.0;0.6022988505747127
AllGestureWiimoteY;713;2.311;0.9256756756756757;0.28735632183908044;0.7257466257466255;0.10818597324344446;774;1.401;0.85;0.5304597701149425;0.5746214146214146;0.23151058562552815;36;1.187;1.0;0.6336206896551724;1.0;0.6336206896551724;0.0;5.976;1.0;0.596551724137931;1.0;0.596551724137931
AllGestureWiimoteX;918;2.226;0.8648648648648649;0.2471264367816092;0.583164433164433;0.09830276486269912;808;1.259;0.8385135135135136;0.5465517241379311;0.6011916611916611;0.31105628219010806;53;1.117;1.0;0.621551724137931;1.0;0.621551724137931;0.0;5.735;1.0;0.5905172413793104;1.0;0.5905172413793104
Adiac;1.547;1.852;0.7083333333333334;0.5546875;0.5832709535834537;0.4093921510588176;609;1.214;0.8869791666666667;0.6708333333333334;0.82710417668751;0.534684810890168;35;947;1.0;0.7239583333333334;1.0;0.7239583333333334;0.0;6.05;1.0;0.6770833333333334;1.0;0.6770833333333334
ACSF1;0.75;1.284;0.8020833333333334;0.6041666666666666;0.6249338624338624;0.4283609908609909;995;1.058;0.7708333333333334;0.6979166666666666;0.5527343952343953;0.4601161801161801;166;459;0.96875;0.86875;0.8808080808080808;0.86875;8;1.251;1.0;0.8104166666666667;1.0;0.8104166666666667