Dataset;Training Accuracy;Test Accuracy;Training F1;Test F1;Training Accuracy K = 100;Test Accuracy K = 100;Training F1 K = 100;Test F1 K = 100;Training Accuracy K = 1000;Test Accuracy K = 1000;Training F1 K = 1000;Test F1 K = 1000;Training Accuracy K = 10000;Test Accuracy K = 10000;Training F1 K = 10000;Test F1 K = 10000
Yoga;0.7076388865709304;0.6256048411130906;0.7228703051805496;0.6785146147012711;0.8194444417953491;0.6209677428007125;0.8232811331748963;0.6785146147012711;1.0;0.693212366104126;0.9888888895511627;0.6878188282251358;1.0;0.7136424690485;0.9888888895511627;0.7038003981113434
WormsTwoClass;0.7832596691273853;0.5850649350649351;0.7979486894212375;0.4913419918580489;0.8634530434292325;0.7017857142857142;0.8641739268329263;0.4913419918580489;1.0;0.7081168831168831;1.0;0.4913419918580489;1.0;0.6923701298701298;1.0;0.4913419918580489
Worms;0.7970165740060543;0.5162337662337663;0.7415310345960586;0.5072150106553908;0.8962983460716122;0.6446428571428571;0.8480012991151757;0.5072150106553908;0.9925414346858283;0.6881493506493507;0.9821752184662371;0.5149123912507837;0.9950276231238855;0.635551948051948;0.9860110500240853;0.5072150106553908
WordSynonyms;0.834562265917603;0.4635188093660019;0.7495871175987444;0.3073787781044981;0.9702949438202247;0.4453514291761811;0.9582849214585979;0.2866045856457145;1.0;0.49983088567525985;1.0;0.3263581317233441;1.0;0.4980036317648185;1.0;0.32816207773259437
Wine;0.9008771929824562;0.8569444444444445;0.8605903709143923;0.7408465658073071;0.987719298245614;0.6615740740740741;0.9890838213134231;0.47183422115114;1.0;0.6935185185185184;1.0;0.44813051830839223;1.0;0.6875;1.0;0.44370370926680386
Wafer;0.9673387199640274;0.9496744781732559;0.9804914593696594;0.9703254252672195;0.9959677457809448;0.9674479097127915;0.9976288914680481;0.9803860008716583;1.0;0.9596354166666666;1.0;0.975331441561381;1.0;0.959212240576744;1.0;0.9747803330421447
UWaveGestureLibraryZ;0.6448660671710968;0.5732669261665333;0.5245506793260575;0.45521407273979175;0.8665178537368774;0.6651735304221968;0.8021153420209884;0.5650149990698933;0.9941964238882065;0.6952395872088666;0.9909132659435272;0.5988693168281777;0.9906250029802323;0.6861173915137532;0.9858832150697708;0.5877693934223627
UWaveGestureLibraryY;0.6857142895460129;0.5996904581435761;0.5795971721410751;0.4915515513642416;0.8305803567171097;0.6393047583063244;0.75329110622406;0.5288554430656897;0.9946428577105204;0.6845224612284346;0.9924221436182658;0.5867501850488754;0.9774553596973419;0.6410096607249519;0.9668103754520416;0.5356853539087731
UWaveGestureLibraryX;0.6720982164144516;0.649738876727092;0.5616715297102928;0.5284497485621424;0.8814732164144516;0.7309062283575568;0.8219170212745667;0.6340526298462246;0.9944196462631225;0.7637807415491505;0.9911230087280274;0.6794549391697;0.990178570151329;0.7332280689547809;0.9851995438337326;0.6437639807170493
UWaveGestureLibraryAll;0.9700892835855484;0.8966011232001232;0.9542610496282578;0.8487762184398657;0.9794642865657807;0.8273011134364364;0.9664427429437638;0.7541534853740354;1.0;0.9130195020135496;1.0;0.8691725555109435;1.0;0.877957922566343;1.0;0.8213945940677712
UMD;1.0;0.846875;1.0;0.6835473835468292;1.0;0.63125;1.0;0.391918683797121;1.0;0.690625;1.0;0.4072019442915916;1.0;0.6953125;1.0;0.43022156208753587
TwoPatterns;0.9169354915618897;0.8263999998569489;0.8865617543458939;0.7738040417432785;0.9993951618671417;0.9474500060081482;0.9991568505764008;0.9283249974250793;1.0;0.9980000138282775;1.0;0.9973355929056802;1.0;0.9969000071287155;1.0;0.9958151936531067
TwoLeadECG;0.8739130434782609;0.7679184799973017;0.8168116020119709;0.6802181769401175;0.9891304347826086;0.643963694206134;0.93913043530091;0.6317670698015182;1.0;0.6750973805929089;0.9478260869565217;0.6317670698015182;1.0;0.658200304920575;0.9478260869565217;0.6317670698015182
Trace;0.9145833283662796;0.7250000029802323;0.8907925546169281;0.6839671552181243;1.0;0.9395833343267441;1.0;0.9157517582178116;1.0;0.9479166567325592;1.0;0.9232804179191589;1.0;0.9499999940395355;1.0;0.917667543888092
ToeSegmentation2;0.81875;0.5570673076923077;0.5;0.20312764438299036;0.96875;0.8263942307692307;0.5;0.20312764438299036;1.0;0.8371153846153846;0.5;0.20312764438299036;1.0;0.8246153846153846;0.5;0.20312764438299036
ToeSegmentation1;0.95625;0.5669642865657807;0.5;0.48571428656578064;0.99375;0.7812499970197677;0.5;0.4868733659386635;1.0;0.8142857164144516;0.5;0.4905703917145729;1.0;0.8312500059604645;0.5;0.49047881066799165
SyntheticControl;0.9618055433034897;0.8354166597127914;0.9442786574363708;0.6637468189001083;1.0;0.9555555403232574;1.0;0.8579435974359513;1.0;0.9694444298744201;1.0;0.8945299237966537;1.0;0.9618055403232575;1.0;0.8767743438482285
Symbols;1.0;0.794753611734764;1.0;0.7189096847011817;1.0;0.5963357142707211;1.0;0.48116947763828777;1.0;0.6184948880588589;1.0;0.5042786260196312;1.0;0.6178999860502368;1.0;0.5053068774669015
SwedishLeaf;0.89375;0.8164042103767395;0.8273767918348313;0.7002176977920532;0.9987500011920929;0.7384357856941224;0.9976984113454819;0.6056790279769898;1.0;0.8305705258369447;1.0;0.7279241318130494;1.0;0.8098021123313904;1.0;0.6959270363807679
Strawberry;0.9489997431854634;0.9171253087713912;0.9538971455606706;0.8252113756295797;0.934541085902085;0.8716707619138666;0.9427264468510427;0.7854725898600913;1.0;0.933574939354046;1.0;0.8242840597758422;1.0;0.9219594668697666;1.0;0.8208883923855987
StarLightCurves;0.8637096643447876;0.8537937760353088;0.7820410132408142;0.7527880668640137;0.987768828868866;0.9518482526143391;0.9780320584774017;0.9206577360630035;1.0;0.9582360585530598;1.0;0.9289747754732767;1.0;0.9558041493097941;1.0;0.9275244990984598
SonyAIBORobotSurface2;0.9611111111111111;0.8080255033587108;0.9619753109084236;0.7877831928877616;1.0;0.6309415460508493;1.0;0.7307135136905523;1.0;0.698894657655878;1.0;0.7307135136905523;1.0;0.7010226448585455;1.0;0.7307135136905523
SonyAIBORobotSurface1;0.9875;0.7574043216800531;0.9833333343267441;0.6573677558668838;1.0;0.6609007534885565;1.0;0.5607804962481913;1.0;0.7071277602936781;1.0;0.5607804962481913;1.0;0.7101969659625988;1.0;0.5607804962481913
SmoothSubspace;0.9138333333333334;0.8061250000000001;0.8857458528677623;0.6547274505297344;1.0;0.7719583333333334;1.0;0.5387443339029948;1.0;0.8265416666666667;1.0;0.624875923395157;1.0;0.815625;1.0;0.6210534657637279
SmallKitchenAppliances;0.9971515178680419;0.5420303016344706;0.9974535451253255;0.33144990480740866;0.7807090914408366;0.6579515165011088;0.7403656688372293;0.41415453095436094;0.9806303065617878;0.6664969688733419;0.979123711268107;0.40390607697168984;0.9954424256006876;0.643206061108907;0.9941643752415975;0.38941593281428016
ShapesAll;0.847916665673256;0.6270833283662796;0.7587665498256684;0.4274639919400215;0.9965277910232544;0.6437500029802322;0.9935185194015503;0.45513022541999815;1.0;0.6993055522441864;1.0;0.5219375252723694;1.0;0.6173611104488372;1.0;0.4423206314444542
ShapeletSim;1.0;0.4931818187236786;1.0;0.5030303001403809;1.0;0.5579545438289643;1.0;0.5030303001403809;1.0;0.7215909093618393;1.0;0.5030303001403809;1.0;0.7909090936183929;1.0;0.5030303001403809
ShakeGestureWiimoteZ;988;0.5355;0.9862857151031494;0.4357365124225616;1.0;558;1.0;0.44714100731909273;1.0;573;1.0;0.45320794215798377;1.0;539;1.0;0.4438857191950083
SemgHandSubjectCh2;1.0;0.8322460253768498;1.0;0.5880005525218116;0.8973650806479984;0.6549603136380513;0.8592264618873596;0.39248093385166594;1.0;0.7488183322393812;1.0;0.4809775671690083;1.0;0.7393174594773186;1.0;0.46875251813729607
SemgHandMovementCh2;0.9959920549922519;0.5084365098741319;0.9926610227160984;0.2599893138077524;0.7888333371480306;0.39057143154409196;0.7158696278201209;0.20075592709912193;1.0;0.45718525152001255;1.0;0.21467114786896577;1.0;0.4477896806266573;1.0;0.22435549840662214
SemgHandGenderCh2;0.9986111104488373;0.865972226858139;0.9763668447732925;0.3275132328271866;0.898611119389534;0.7263888925313949;0.8730901151895523;0.3275132328271866;1.0;0.785763892531395;0.9777777791023254;0.3275132328271866;1.0;0.8020833373069763;0.9777777791023254;0.3275132328271866
ScreenType;0.8919636439323425;0.43355757657686866;0.869009913667043;0.3273050513267517;0.7084363674163818;0.42953939407666525;0.6663067836125691;0.3273050513267517;0.9966060638427733;0.4284242376804352;0.9960962877273559;0.3273050513267517;1.0;0.43354545238812764;1.0;0.3273050513267517
Rock;1.0;0.8110000088214874;1.0;0.7840888910293579;1.0;0.5449999965429305;1.0;0.41693757009506227;1.0;0.5696666631698608;1.0;0.4236111127138138;1.0;0.5496666592359543;1.0;0.4151830735206604
RefrigerationDevices;0.9874787938435872;0.3664969703674316;0.9831902822494506;0.3273050513267517;0.8301090860684712;0.5216848561922709;0.7975727697054544;0.3273050513267517;1.0;0.5589671310857567;1.0;0.32197280685251406;1.0;0.5443393963495889;1.0;0.3273050513267517
ProximalPhalanxTW;0.8499999940395355;0.7956504074538626;0.7083607584238052;0.629046315041984;0.9755208313465118;0.7165447233944404;0.951077339053154;0.5472659240117886;1.0;0.7381910589264661;1.0;0.5668717472727706;1.0;0.7288008090344871;1.0;0.5645690659778875
ProximalPhalanxOutlineCorrect;0.8173611164093018;0.8479381463781664;0.8616901725530625;0.8417207293903705;0.8847222238779068;0.7979285976731081;0.9110982835292816;0.8013209282327763;1.0;0.8055746464794854;1.0;0.8085157949080581;1.0;0.7882206952039319;1.0;0.7918836011919369
ProximalPhalanxOutlineAgeGroup;0.8708333373069763;0.8541666717064089;0.8348430305719375;0.724246174823947;0.9567708373069763;0.7939024390243903;0.9472632646560669;0.6500579107098463;1.0;0.8157723547772663;1.0;0.6827253061969106;1.0;0.8053658576709468;1.0;0.6748969096090736
PowerCons;0.9862500131130219;0.9687500119209289;0.9813650757074356;0.8792867153882981;0.9550000071525574;0.7912499934434891;0.9466818183660507;0.6017565712332725;1.0;0.8;1.0;0.5942114561796188;1.0;0.8199999988079071;1.0;0.6227845534682274
Plane;1.0;0.9814285625730242;1.0;0.9833348460424515;1.0;0.8762698392640976;1.0;0.8101948118209839;1.0;0.9199206240971883;1.0;0.8813883546420507;1.0;0.9034126975422814;1.0;0.8576512941860017
PigCVP;1.0;0.11562499888241291;1.0;0.06898215264081956;1.0;0.25312500074505806;1.0;0.1586350079625845;1.0;0.2993055562178294;1.0;0.18731863622864087;1.0;0.27604166939854624;1.0;0.17410816103219987
PigArtPressure;1.0;0.17812500111758708;1.0;0.11469445638358593;1.0;0.3510416656732559;1.0;0.22587822675704955;1.0;0.36736111094554263;1.0;0.23626058598359426;1.0;0.3343750014901161;1.0;0.21383944749832154
PigAirwayPressure;1.0;0.10104166585952043;1.0;0.06521554067730903;0.9979166656732559;0.08125000009313225;0.9962962955236435;0.05061919586732984;1.0;0.08229166669771075;1.0;0.05138061051256955;1.0;0.07916666632518173;1.0;0.04968730309046805
PickupGestureWiimoteZ;976;609;0.9700571432113647;0.5250476263165473;1.0;0.5055000000000001;1.0;0.3474365099072456;1.0;0.4995;1.0;0.3559928609132767;1.0;0.46799999999999997;1.0;0.34329762044548984
Phoneme;1.0;0.08368644155561925;1.0;0.026244055666029453;0.9654595104890449;0.17510593309998512;0.9508411154011699;0.070503312908113;1.0;0.1977754220366478;1.0;0.07635880745947361;1.0;0.18188559338450433;1.0;0.07135265860706567
PhalangesOutlinesCorrect;0.7359375;0.6776795271810119;0.8111510038375854;0.7586613297184587;0.7883928507566452;0.6964452166240532;0.8322865486145019;0.740395825920683;0.9982142925262452;0.745933066687106;0.9975102871656418;0.7586918655531112;1.0;0.7473641760977275;0.9991071432828903;0.7394412998136106
PLAID;1.0;0.32264606610800745;1.0;0.21623364676976337;0.7019611266294227;0.3367202048417132;0.6124942149529911;0.22012999705429184;1.0;0.37850616852886404;1.0;0.2412674711292238;1.0;0.37614059590316573;1.0;0.22219060789828415
OliveOil;1.0;0.8883333333333332;1.0;0.7825925954182942;1.0;0.4683333333333333;1.0;0.3188888916373253;1.0;0.5133333333333333;1.0;0.3561111149191857;1.0;0.44833333333333336;1.0;0.31092592736085256
OSULeaf;0.7218749970197678;0.4425029505629185;0.6292767882347107;0.3449240955685781;0.9927083343267441;0.5824232562268076;0.9895238071680069;0.4822253977956851;1.0;0.6589433276948851;1.0;0.566968509678013;1.0;0.6510182990515527;1.0;0.5642133722127962
NonInvasiveFetalECGThorax2;0.999330359697342;0.9308480438203302;0.9989335358142852;0.885477372453413;0.9857142895460129;0.7422212492418654;0.9747987598180771;0.6181994013931915;1.0;0.8291037874792065;1.0;0.7316747497056277;1.0;0.7768518758123462;1.0;0.6615564505805194
NonInvasiveFetalECGThorax1;1.0;0.9076905310912291;1.0;0.8472437402856259;0.9899553537368775;0.6920057987742145;0.9829249948263168;0.5623231858030228;1.0;0.795226342117557;1.0;0.6919133994624803;1.0;0.7251032454973566;1.0;0.5987925680478414
MoteStrain;875;0.8482371807098389;0.8895238161087036;0.7218681246042251;1.0;0.6600961551070214;1.0;0.5890262603759766;1.0;0.7049679398536682;1.0;0.6131959795951843;1.0;0.7059294909238816;1.0;0.6326953619718552
MixedShapesSmallTrain;0.9916666626930237;0.7923312787960485;0.9862380951642991;0.529849805418978;0.9979166656732559;0.7004854978040321;0.9980158716440201;0.45740071496275286;1.0;0.7588272170135656;1.0;0.522399006617438;1.0;0.734908590552733;1.0;0.4901085247501885
MixedShapesRegularTrain;0.9225000023841858;0.8222563510678479;0.8947928577661515;0.585938325818052;0.9862500041723251;0.8435843240944381;0.9807037055492401;0.613371092334236;1.0;0.9015861153356808;1.0;0.7134642367068026;1.0;0.8906676228660898;1.0;0.6910446533714373
MiddlePhalanxTW;0.6941677119498861;0.6739042207792207;0.5124846506835823;0.49954597884184354;0.954140555739104;0.5727272727272726;0.9181931946211889;0.4145336682533289;1.0;0.5396915584415584;1.0;0.3726114974393473;1.0;0.5226055194805195;1.0;0.358833991784554
MiddlePhalanxOutlineCorrect;0.8024305492639542;0.6262123044004145;0.8460424304008484;0.7081185663278979;0.8576388865709305;0.6798110018481094;0.8846382677555085;0.7181584150520797;1.0;0.7373234058573483;1.0;0.7352873423664841;1.0;0.7525868605502283;1.0;0.7656088845426684
MiddlePhalanxOutlineAgeGroup;0.839583334326744;0.590625;0.7337345212697983;0.37698329934826147;0.9526041716337204;0.5965909090909091;0.930855855345726;0.3952067158438942;1.0;0.5538961038961039;1.0;0.3583392120801009;1.0;0.517978896103896;1.0;0.3471718294860481
MelbournePedestrian;0.8401925150373672;0.830184526935177;0.7688416996892772;0.6519182722360299;0.9809130126906799;0.841536513886133;0.9685475682693111;0.5921673723643508;1.0;0.906251894132482;1.0;0.7167574034845697;1.0;0.8849542019894104;1.0;0.6742029192898301
MedicalImages;0.6620078670384064;0.530434787273407;0.5189993878987831;0.37179042398929596;0.8780422408436853;0.5467391327023506;0.8279625790951447;0.37832059115171435;1.0;0.5934782534837723;1.0;0.43746383488178253;1.0;0.5608695715665817;1.0;0.3998608931899071
Meat;1.0;0.99375;1.0;0.9927272737026215;1.0;0.6875;1.0;0.4983068749308586;1.0;0.70625;1.0;0.5543518498539924;1.0;0.69375;1.0;0.5454545438289642
Mallat;1.0;0.7234547388833215;1.0;0.6243741107037835;1.0;0.4010182002180421;1.0;0.29183826702998394;1.0;0.44801413532259116;1.0;0.32894489730471993;1.0;0.43003592763882453;1.0;0.31669573681186763
Lightning7;0.9839285714285714;0.6726027397260275;0.9773714286940438;0.5378421395608824;0.9967857142857143;0.4541095890410959;0.9972571424075536;0.3186805805523102;1.0;0.49811643835616437;1.0;0.3277375522541673;1.0;0.5159246575342465;1.0;0.3491587318786203
Lightning2;0.98125;0.6934426229508196;0.9860528379678726;0.7538900046074977;0.93125;0.6348360655737705;0.9389063775539398;0.7464535606689141;1.0;0.6557377049180327;1.0;0.7470539986110125;1.0;0.6639344262295082;1.0;0.7429322182155047
LargeKitchenAppliances;0.9506424176851908;0.481842423693339;0.9409880597750345;0.3273050513267517;0.8641636377334594;0.718193942896525;0.8302798349698385;0.4408583471457163;1.0;0.7664424293835957;1.0;0.46973619496027624;1.0;0.7664666687965392;1.0;0.48770437326431265
ItalyPowerDemand;0.9593283582089553;0.9369214650145772;0.9508369367514085;0.9076640705325513;1.0;0.8736159195821186;1.0;0.847465102642456;1.0;0.9001844934402332;1.0;0.8826076919529714;1.0;0.9062507592322643;1.0;0.8863991606687318
InsectWingbeatSound;0.878125;0.6379098325967789;0.8111043930053711;0.517496471107006;0.9656250089406967;0.4530737742781639;0.9440780431032181;0.3391940101981163;1.0;0.5028688594698906;1.0;0.3848374307155609;1.0;0.4947745904326439;1.0;0.37769797891378404
InsectEPGSmallTrain;0.8235294117647058;0.8625167455060415;0.7098039388656616;0.8571811138865459;1.0;0.584993307466009;1.0;0.4302759396982001;1.0;0.5875635892033098;1.0;0.4319545255846766;1.0;0.5593440385946787;1.0;0.41469768956004377
InsectEPGRegularTrain;0.8548387096774194;0.9241250482907735;0.6525984910226637;0.9026061052299408;1.0;0.7992254707707936;1.0;0.5560940812151116;1.0;0.8342225974343387;1.0;0.6264492766924172;1.0;0.8054790595449117;1.0;0.5819016971262583
InlineSkate;0.691666665673256;0.2750240664048628;0.5871362373232841;0.201331217630343;0.9666666597127914;0.2509973279996352;0.9633650839328766;0.1800584144375541;1.0;0.2671130388984087;1.0;0.18764389582105895;1.0;0.27746791688962413;1.0;0.1989450313557278
HouseTwenty;1.0;0.7565126050420168;1.0;0.30470856172697885;0.9625;0.8725490214444008;0.9638888895511627;0.30470856172697885;1.0;0.8830532251285905;1.0;0.30470856172697885;1.0;0.8788515484633566;1.0;0.30470856172697885
Herring;0.83125;0.68125;0.7900772765278816;0.6296230167150497;0.9625;0.6;0.9265872955322265;0.563539382815361;1.0;0.609375;975;0.574127122759819;1.0;575;975;0.550893560051918
Haptics;0.825241935483871;0.45555555671453474;0.7594251052025827;0.370903879404068;0.9640725806451613;0.3340277761220932;0.9434510511736717;0.2595932524651289;1.0;0.36805555671453477;1.0;0.2882149450480938;1.0;0.3666666656732559;1.0;0.28186221420764923
HandOutlines;0.8860887110233306;0.8862837789187561;0.9040046095848083;0.9091233896242605;0.8893145054578782;0.8357923789282103;0.9069752365350723;0.861843348193813;0.9993951618671417;0.8574140068002649;0.9978699445724487;0.8729640406209069;1.0;0.8901542515100556;0.9978494604428609;0.897360124398655
Ham;0.9896788941610845;0.7371428571428571;0.9911593052225376;0.5529621066365923;0.9292048890656288;0.5725396874972752;0.9279486981006938;0.5251563208443778;1.0;0.5848412763504754;1.0;0.5251563208443778;1.0;0.5995238125324249;1.0;0.5251563208443778
GunPointOldVersusYoung;1.0;1.0;1.0;0.5555555820465088;0.9546875;0.8930158667337327;0.9519823223352433;0.5004579381904904;1.0;0.9534126970881508;1.0;0.5198982228740813;1.0;0.9486331533250354;1.0;0.5212947033322046
GunPointMaleVersusFemale;0.9336111111111112;0.9138888835906982;0.9234243003527324;0.4359686702489853;0.9811574074074074;0.9201388835906983;0.9735113053851657;0.43280424177646637;1.0;0.9756944328546524;1.0;0.4400000020861626;1.0;0.982638880610466;1.0;0.44068783670663836
GunPointAgeSpan;0.918611111111111;0.9006944566965103;0.88839724222819;0.4444444477558136;0.9386574074074073;0.8069444507360458;0.940387217645292;0.4444444477558136;1.0;0.892361119389534;1.0;0.4444444477558136;1.0;0.9000000029802322;1.0;0.4444444477558136
GunPoint;903;0.7734583333333334;0.9114949543476105;0.6931129952669144;987;0.7164583333333333;0.9905454573631287;0.6781745887200038;1.0;0.7266250000000001;1.0;0.6670797141393026;1.0;0.7314166666666667;1.0;0.6791894972721736
GesturePebbleZ2;1.0;0.6619462001172802;1.0;0.5740830327136608;0.9921660958904109;0.7028480988514575;0.9881324224276086;0.6345779524573797;1.0;0.7636471525023255;1.0;0.7044693544695649;1.0;0.7730617094643509;1.0;0.7208376514006265
GesturePebbleZ1;1.0;0.8025000005960464;1.0;0.7416714280843735;0.9828125;0.6549999982118606;0.9774007946252823;0.5796523779630661;1.0;0.7475000113248825;1.0;0.682414285838604;1.0;0.7199999988079071;1.0;0.6570492118597031
GestureMidAirD3;0.5520833343267441;0.31096153846153846;0.4152435600757599;0.20165150562157996;0.9333333313465119;0.23879807692307692;0.8979728877544403;0.15410158071380395;1.0;0.28274038461538464;1.0;0.18524934133658044;1.0;0.2717307692307692;1.0;0.17745298448663493
GestureMidAirD2;0.7468750059604645;0.5427884615384615;0.626029321551323;0.407022592150248;0.9645833402872086;0.441875;0.943769845366478;0.31838056967808653;1.0;0.4857692307692308;1.0;0.35456657599944336;1.0;0.46625;1.0;0.33362045595279105
GestureMidAirD1;0.7583333283662796;0.5471153846153847;0.6464290738105773;0.4051972888524716;0.9760416716337204;0.40918269230769233;0.9616402059793472;0.29564708402523626;1.0;0.4500480769230769;1.0;0.3487044843802085;1.0;0.44240384615384615;1.0;0.3371991882645167
Fungi;1.0;0.7669599264539698;1.0;0.6877439073977932;1.0;0.2521505399416852;1.0;0.16393508810189464;1.0;0.25234604335279875;1.0;0.1624911942949859;1.0;0.24897360885015096;1.0;0.16056277043716882
FreezerSmallTrain;0.9625;0.7786537602658857;0.9566666692495346;0.4997992150616228;1.0;0.7241702180452514;1.0;0.4997992150616228;1.0;0.7436871718481968;1.0;0.4997992150616228;1.0;0.7613006128553759;1.0;0.4997992150616228
FreezerRegularTrain;0.9782083333333335;0.9269660975222002;0.9788823994000754;0.5015319431664651;0.9470833333333334;0.8766273478959736;0.9425918877124787;0.5015319431664651;1.0;0.9350440262401634;1.0;0.5016000862790827;1.0;0.9409418466927713;1.0;0.5015319431664651
FordB;0.5365044265985489;0.5173061712877249;0.4772545784711838;0.6537764365290417;0.8878318637609481;0.7057703648967507;0.8657191962003707;0.6898438380382679;1.0;0.7693185180352058;0.9969026535749436;0.7491022910306483;1.0;0.7887654309213897;0.9969026535749436;0.761205661414582
FordA;0.5410713648835807;0.49603658467531203;0.4882467832640786;0.6319580227136612;0.8769556819515341;0.8559451252222061;0.8551685951577727;0.8282024502754212;1.0;0.916920730471611;0.9964290571060488;0.8926895529031753;1.0;0.9249999940395355;0.9964290571060488;0.9034369498491287
Fish;0.9588285779953004;0.8250571487971715;0.9454969620023456;0.760440747329167;0.9850571511813573;0.5905714187281472;0.9747111501693726;0.4949181998797826;1.0;0.6581714258534568;1.0;0.5668330855710166;1.0;0.6744857185227531;1.0;0.5868329072679792
FiftyWords;0.8643730180263519;0.6116444304225209;0.7940094192822774;0.46364528678275724;0.9928611115349664;0.5345133437953152;0.9888415997028351;0.3648217517072028;1.0;0.5849960736389999;1.0;0.4177201648203881;1.0;0.5331671876042754;1.0;0.36751667020085094
FacesUCR;0.9822916716337204;0.7005802210365853;0.9734457671642304;0.5757479627365019;1.0;0.5280341082317073;1.0;0.39419326981393304;1.0;0.6697214176829268;1.0;0.5400395110002378;1.0;0.6563338414634147;1.0;0.5232330524572513
FaceFour;1.0;0.8650000005960464;1.0;0.792876985669136;1.0;0.5500000029802322;1.0;0.44461110755801203;1.0;0.6450000062584877;1.0;0.5567103132605553;1.0;0.5800000011920929;1.0;0.4806190483272076
FaceAll;0.9522058814764023;0.6783639601631277;0.9259094327688218;0.41665486159056603;0.9996323525905609;0.6088874073987882;0.9995098024606704;0.352826285602073;1.0;0.7427762252833011;1.0;0.5729846615128263;1.0;0.738330968865276;1.0;0.5756609552640182
EthanolLevel;0.8266666680574417;0.6091666728258133;0.7767823308706283;0.5491448387503624;0.6954166650772095;0.3575000002980232;0.6191225975751877;0.29522655308246615;1.0;0.40888889531294503;1.0;0.3536009738842646;0.9929166704416275;0.40750000178813933;0.9898165792226792;0.3554781749844551
ElectricDevices;0.5500665062589815;0.48291956954716;0.4067584877340831;0.35080404810645116;0.7986069941558086;0.6115824723642572;0.6983566216722135;0.4291130685563558;0.9536071761899816;0.6588007583495306;0.9214575465764131;0.4804342515345327;0.9183368901954808;0.6551501738609251;0.8659250303031136;0.4830840308476694
Earthquakes;0.9962267116730258;0.6215377697841726;0.8101242200188015;0.38483857480313277;0.8743633606048844;0.7376348920863309;0.44849246199827014;0.49596322183128744;1.0;0.6387140287769784;0.820186331220295;0.47184251962805823;1.0;0.6056654676258992;0.820186331220295;0.46229187181527664
EOGVerticalSignal;0.7744537896543577;0.3351958836145823;0.6799133708463848;0.25462088756963036;0.9409844237137895;0.3900803624431073;0.915257710942906;0.2836473242353998;1.0;0.425878957753682;1.0;0.32428892648351787;1.0;0.4150740856953089;1.0;0.30711002944253424
EOGHorizontalSignal;0.8835007482470729;0.37490582620899987;0.8225967963426812;0.2489405331196706;0.9517139641948826;0.38634479972868335;0.926098297017714;0.24798911107673172;1.0;0.4319311913205774;1.0;0.29166689214620806;1.0;0.42039176131809614;1.0;0.2748176541940942
ECGFiveDays;0.9347826086956522;0.8657243777927482;0.7460869592169057;0.8231619969893;1.0;0.7095884551985339;0.7913043478260869;0.6480890829181006;1.0;0.7252054358608631;0.7913043478260869;0.6659049110407059;1.0;0.7424539266701498;0.7913043478260869;0.6845206364798906
ECG5000;0.9666666656732559;0.9386607140302659;0.901552951335907;0.8405909448862076;0.9841666787862777;0.9041964292526246;0.9543728291988373;0.7355534225702286;1.0;0.9211607158184052;1.0;0.7844957262277603;1.0;0.9065624952316285;1.0;0.7539185851812362
ECG200;0.8770833313465118;0.7875;0.9034177839756012;0.797251534461975;0.9229166656732559;0.8124999910593033;0.9386270254850387;0.8253867506980896;1.0;0.8479166716337204;1.0;0.8636348843574524;1.0;0.8458333343267441;1.0;0.8656893134117126
DodgerLoopWeekend;1.0;0.9762228260869565;1.0;0.25;1.0;0.8625452898550725;1.0;0.22006555679051776;1.0;0.9076992753623189;1.0;0.2207505131977192;1.0;0.9045742753623188;1.0;0.22184782162092737
DodgerLoopGame;1.0;0.7883152173913044;1.0;0.4583333432674408;1.0;0.6348731884057971;1.0;0.4583333432674408;1.0;0.6993659420289855;1.0;0.4583333432674408;1.0;0.7026721014492754;1.0;0.4583333432674408
DodgerLoopDay;1.0;0.521875;1.0;0.3941567465662956;1.0;0.40625;1.0;0.2608194425702095;1.0;0.428125;1.0;0.2810694437474012;1.0;0.38125;1.0;0.26474107438698413
DistalPhalanxTW;0.8296875;0.6715377697841727;0.6333463788032532;0.5137522186735551;0.9947916626930237;0.6207733812949641;0.9903693526983262;0.41635956562680304;1.0;0.6420413669064748;1.0;0.46110413739149514;1.0;0.6263489208633094;1.0;0.44874542546358037
DistalPhalanxOutlineCorrect;0.7774305552244186;0.68671875;0.8216411024332047;0.744551706314087;0.892013892531395;0.715625;0.903898936510086;0.7469149976968765;1.0;0.75;1.0;0.771359845995903;1.0;0.7734375;1.0;0.7888224244117736
DistalPhalanxOutlineAgeGroup;0.871354165673256;0.685611510791367;0.815775790810585;0.5374343855775517;0.953125;0.6701888489208633;0.938980707526207;0.5404070752987759;1.0;0.6625;1.0;0.5199691943556285;1.0;0.643660071942446;1.0;0.49643231780408953
DiatomSizeReduction;1.0;0.9703302311351877;1.0;0.9478156104976057;1.0;0.7235294133619545;1.0;0.6380142004661311;1.0;0.7565359519587623;1.0;0.6765195394263548;1.0;0.7374269060449663;1.0;0.655886148977903
Crop;0.6733888894319534;0.6641904801130295;0.5459462851285934;0.3986582949757576;0.6818611085414886;0.5541428565979004;0.5542367428541184;0.2817268431186676;0.9992962996164957;0.6361666699250539;0.9988656083742777;0.35643300612767537;0.9713333338499069;0.6430714339017868;0.9522221118211747;0.37158057391643523
CricketZ;0.7454220085571974;0.3332745691751822;0.6376723994352879;0.23463496698782996;0.8916559849029932;0.5224145249525706;0.8392324049656208;0.39083850852954083;1.0;0.6483760654009305;1.0;0.5255766701239806;1.0;0.6358814162474412;1.0;0.5024084851680658
CricketY;0.7662232886216579;0.40333867371082305;0.6616844799274053;0.30596813812469825;0.9270085450319143;0.4668215817060226;0.885646518988487;0.3518293063533612;1.0;0.6033546963868996;1.0;0.48426134783488056;1.0;0.5735790642866722;1.0;0.452129318912824
CricketX;0.7400587626603934;0.33855769131428154;0.6344332944124172;0.241475022763778;0.9098985052414429;0.5213087626756766;0.8598029638253726;0.4116090083733583;1.0;0.6266239316341204;1.0;0.5167527231803307;1.0;0.6163354800297663;1.0;0.5109526916650625
Computers;0.8956142788410187;0.5382571439027786;0.8967172877311707;0.4523174631595612;0.8168428520202636;0.6632999995231629;0.8015452055454254;0.4523174631595612;0.9991142861366272;0.6973142929553986;0.9989877555847168;0.4523174631595612;1.0;0.7017285676002503;1.0;0.4523174631595612
Coffee;1.0;1.0;1.0;0.25;1.0;475;1.0;0.11833333522081375;1.0;0.4375;1.0;0.11333333551883698;1.0;0.4875;1.0;0.11833333522081375
CinCECGTorso;1.0;0.455087211728096;1.0;0.391849173605442;1.0;0.48473837673664094;1.0;0.40802209079265594;1.0;0.5027616307139396;1.0;0.4266549676656723;1.0;0.5213662773370743;1.0;0.4399448722600937
ChlorineConcentration;0.6469409575554237;0.5984895914793015;0.45120103557053676;0.4063518360257149;0.803976750858846;0.4951041728258133;0.7080191205604683;0.37117487490177153;1.0;0.5137500017881393;1.0;0.4329429462552071;1.0;0.5072916686534882;1.0;0.43114648908376696
Chinatown;0.95;0.967832841887071;0.9400000035762787;0.7254078066731334;1.0;0.8691448026078784;1.0;0.7237817740648899;1.0;0.8710190178701551;1.0;0.72378177406489;1.0;0.8775440697767297;1.0;0.7237817740648897
Car;1.0;0.7875;1.0;0.7625992089509964;1.0;0.3875;1.0;0.3674404814839363;1.0;0.45;1.0;0.4247222229838371;1.0;0.49375;1.0;0.49136905260384084
CBF;1.0;0.8591517895460129;1.0;0.7981179147958756;1.0;0.6741071403026581;1.0;0.5935501709580422;1.0;0.7392857134342193;1.0;0.6666822537779808;1.0;0.7263392806053162;1.0;0.648565761744976
BirdChicken;875;0.7125;0.8600000083446503;0.5583333402872086;1.0;0.65;1.0;0.5433333426713943;1.0;0.7125;1.0;0.6000000089406967;1.0;0.7125;1.0;0.6300000101327896
BeetleFly;1.0;0.8875;1.0;0.8333333402872085;1.0;0.8;1.0;0.6800000041723251;1.0;875;1.0;0.8000000059604645;1.0;875;1.0;0.7833333402872086
Beef;0.9066666666666666;0.6633333333333333;0.8620740822950999;0.6083333366115888;1.0;0.7466666666666666;1.0;0.6867407448093097;1.0;0.7666666666666666;1.0;0.7192592598001163;1.0;0.7616666666666666;1.0;0.7268518502513568
BME;1.0;0.8307407344977061;1.0;0.7450135179360708;1.0;0.6472963017225266;1.0;0.4913780064781507;1.0;0.6916666680971782;1.0;0.5589528514146805;1.0;0.6706296300093333;1.0;0.5298243414560955
ArrowHead;0.9375;0.7368857154164996;0.930873018503189;0.5092152143887111;1.0;0.5204000002997262;1.0;0.426692066362926;1.0;0.527057140145983;1.0;0.42669206636292595;1.0;0.5359142851148333;1.0;0.426692066362926
AllGestureWiimoteZ;1.0;0.23392857164144515;1.0;0.1044590301811695;0.9534722119569778;0.3875;0.9255905330181122;0.19289930015802384;1.0;0.4696428582072258;1.0;0.24576297029852867;1.0;0.4827380940318108;1.0;0.2549534112215042
AllGestureWiimoteY;0.9965277761220932;0.2970238119363785;0.9946737229824066;0.14651318043470382;0.9659722119569778;0.4116071447730064;0.9414938271045685;0.1825181007385254;1.0;0.4833333283662796;1.0;0.21874371394515038;1.0;0.48779762238264085;1.0;0.22391187697649
AllGestureWiimoteX;0.9638888746500015;0.25684523656964303;0.942484125494957;0.10764088518917561;0.962499988079071;0.4491071417927742;0.9355091094970703;0.21866608709096907;1.0;0.5148809492588043;1.0;0.26628683134913445;1.0;0.5351190477609634;1.0;0.28724999353289604
Adiac;0.8012179477092547;0.6468563542341638;0.7050721280085734;0.5087417056798326;0.9760309789119622;0.441267054282186;0.9602188787399194;0.3117953780209622;1.0;0.51633631812642;1.0;0.38595607875253235;1.0;0.47875639636193396;1.0;0.34420433649626536
ACSF1;0.8854166686534881;0.6229166656732559;0.8408902078866959;0.49790078997612;0.9291666626930237;0.7458333283662796;0.8916746079921722;0.6101309508085251;1.0;0.8291666656732559;1.0;0.7145760625600814;1.0;0.8020833373069763;1.0;0.696039679646492